alte_url;neues_ziel;aktion
https://auto-lackierzentrum.de/;/;keep
https://auto-lackierzentrum.de/abstatt/;;review-regio
https://auto-lackierzentrum.de/abtsteinach/;;review-regio
https://auto-lackierzentrum.de/adelsheim/;;review-regio
https://auto-lackierzentrum.de/affalterbach/;;review-regio
https://auto-lackierzentrum.de/aglasterhausen/;;review-regio
https://auto-lackierzentrum.de/ahorn/;;review-regio
https://auto-lackierzentrum.de/allmersbach-tal/;;review-regio
https://auto-lackierzentrum.de/altenbuch/;;review-regio
https://auto-lackierzentrum.de/altlussheim/;;review-regio
https://auto-lackierzentrum.de/altrip/;;review-regio
https://auto-lackierzentrum.de/amorbach/;;review-regio
https://auto-lackierzentrum.de/angelbachtal/;;review-regio
https://auto-lackierzentrum.de/aspach/;;review-regio
https://auto-lackierzentrum.de/asperg/;;review-regio
https://auto-lackierzentrum.de/assamstadt/;;review-regio
https://auto-lackierzentrum.de/auenwald/;;review-regio
https://auto-lackierzentrum.de/backnang/;;review-regio
https://auto-lackierzentrum.de/bad-friedrichshall/;;review-regio
https://auto-lackierzentrum.de/bad-koenig/;;review-regio
https://auto-lackierzentrum.de/bad-mergentheim/;;review-regio
https://auto-lackierzentrum.de/bad-rappenau/;;review-regio
https://auto-lackierzentrum.de/bad-schoenborn/;;review-regio
https://auto-lackierzentrum.de/bad-wimpfen/;;review-regio
https://auto-lackierzentrum.de/bammental/;;review-regio
https://auto-lackierzentrum.de/beerfelden/;;review-regio
https://auto-lackierzentrum.de/beilstein/;;review-regio
https://auto-lackierzentrum.de/benningen-neckar/;;review-regio
https://auto-lackierzentrum.de/bensheim/;;review-regio
https://auto-lackierzentrum.de/besigheim/;;review-regio
https://auto-lackierzentrum.de/bietigheim-bissingen/;;review-regio
https://auto-lackierzentrum.de/billigheim/;;review-regio
https://auto-lackierzentrum.de/binau/;;review-regio
https://auto-lackierzentrum.de/birkenau/;;review-regio
https://auto-lackierzentrum.de/boennigheim/;;review-regio
https://auto-lackierzentrum.de/boxberg/;;review-regio
https://auto-lackierzentrum.de/brackenheim/;;review-regio
https://auto-lackierzentrum.de/braunsbach/;;review-regio
https://auto-lackierzentrum.de/brensbach/;;review-regio
https://auto-lackierzentrum.de/bretten/;;review-regio
https://auto-lackierzentrum.de/bretzfeld/;;review-regio
https://auto-lackierzentrum.de/breuberg/;;review-regio
https://auto-lackierzentrum.de/brombachtal/;;review-regio
https://auto-lackierzentrum.de/bruchsal/;;review-regio
https://auto-lackierzentrum.de/bruehl/;;review-regio
https://auto-lackierzentrum.de/buchen-odenwald/;;review-regio
https://auto-lackierzentrum.de/buergstadt/;;review-regio
https://auto-lackierzentrum.de/burgstetten/;;review-regio
https://auto-lackierzentrum.de/cleebronn/;;review-regio
https://auto-lackierzentrum.de/collenberg/;;review-regio
https://auto-lackierzentrum.de/datenschutz/;/datenschutz;301
https://auto-lackierzentrum.de/dellendoktor/;/leistungen;301
https://auto-lackierzentrum.de/dielheim/;;review-regio
https://auto-lackierzentrum.de/doerzbach/;;review-regio
https://auto-lackierzentrum.de/dorfprozelten/;;review-regio
https://auto-lackierzentrum.de/dossenheim/;;review-regio
https://auto-lackierzentrum.de/dudenhofen/;;review-regio
https://auto-lackierzentrum.de/eberbach/;;review-regio
https://auto-lackierzentrum.de/eberdingen/;;review-regio
https://auto-lackierzentrum.de/eberstadt/;;review-regio
https://auto-lackierzentrum.de/edingen-neckarhausen/;;review-regio
https://auto-lackierzentrum.de/eichenbuehl/;;review-regio
https://auto-lackierzentrum.de/einhausen/;;review-regio
https://auto-lackierzentrum.de/ellhofen/;;review-regio
https://auto-lackierzentrum.de/elsenfeld/;;review-regio
https://auto-lackierzentrum.de/elztal/;;review-regio
https://auto-lackierzentrum.de/epfenbach/;;review-regio
https://auto-lackierzentrum.de/eppelheim/;;review-regio
https://auto-lackierzentrum.de/eppingen/;;review-regio
https://auto-lackierzentrum.de/erbach/;;review-regio
https://auto-lackierzentrum.de/erdmannhausen/;;review-regio
https://auto-lackierzentrum.de/erlenbach-main/;;review-regio
https://auto-lackierzentrum.de/erlenbach/;;review-regio
https://auto-lackierzentrum.de/erligheim/;;review-regio
https://auto-lackierzentrum.de/eschau/;;review-regio
https://auto-lackierzentrum.de/eschelbronn/;;review-regio
https://auto-lackierzentrum.de/fahrenbach/;;review-regio
https://auto-lackierzentrum.de/fahrzeugpflege/;/leistungen;301
https://auto-lackierzentrum.de/faulbach/;;review-regio
https://auto-lackierzentrum.de/fischbachtal/;;review-regio
https://auto-lackierzentrum.de/flein/;;review-regio
https://auto-lackierzentrum.de/forchtenberg/;;review-regio
https://auto-lackierzentrum.de/forst/;;review-regio
https://auto-lackierzentrum.de/fraenkisch-crumbach/;;review-regio
https://auto-lackierzentrum.de/freiberg-neckar/;;review-regio
https://auto-lackierzentrum.de/freudenberg/;;review-regio
https://auto-lackierzentrum.de/freudental/;;review-regio
https://auto-lackierzentrum.de/fuerth/;;review-regio
https://auto-lackierzentrum.de/gaiberg/;;review-regio
https://auto-lackierzentrum.de/gemmingen/;;review-regio
https://auto-lackierzentrum.de/gemmrigheim/;;review-regio
https://auto-lackierzentrum.de/gondelsheim/;;review-regio
https://auto-lackierzentrum.de/gorxheimertal/;;review-regio
https://auto-lackierzentrum.de/graben-neudorf/;;review-regio
https://auto-lackierzentrum.de/grasellenbach/;;review-regio
https://auto-lackierzentrum.de/gross-bieberau/;;review-regio
https://auto-lackierzentrum.de/grossbottwar/;;review-regio
https://auto-lackierzentrum.de/grosserlach/;;review-regio
https://auto-lackierzentrum.de/grossheubach/;;review-regio
https://auto-lackierzentrum.de/grossrinderfeld/;;review-regio
https://auto-lackierzentrum.de/gruensfeld/;;review-regio
https://auto-lackierzentrum.de/gueglingen/;;review-regio
https://auto-lackierzentrum.de/gundelsheim/;;review-regio
https://auto-lackierzentrum.de/hambruecken/;;review-regio
https://auto-lackierzentrum.de/hardheim/;;review-regio
https://auto-lackierzentrum.de/hardthausen-kocher/;;review-regio
https://auto-lackierzentrum.de/hasloch/;;review-regio
https://auto-lackierzentrum.de/hassmersheim/;;review-regio
https://auto-lackierzentrum.de/heddesbach/;;review-regio
https://auto-lackierzentrum.de/heddesheim/;;review-regio
https://auto-lackierzentrum.de/heidelberg/;;review-regio
https://auto-lackierzentrum.de/heilbronn/;;review-regio
https://auto-lackierzentrum.de/heiligkreuzsteinach/;;review-regio
https://auto-lackierzentrum.de/helmstadt-bargen/;;review-regio
https://auto-lackierzentrum.de/hemmingen/;;review-regio
https://auto-lackierzentrum.de/hemsbach/;;review-regio
https://auto-lackierzentrum.de/heppenheim-bergstrasse/;;review-regio
https://auto-lackierzentrum.de/hesseneck/;;review-regio
https://auto-lackierzentrum.de/hessigheim/;;review-regio
https://auto-lackierzentrum.de/hirschberg-bergstrasse/;;review-regio
https://auto-lackierzentrum.de/hirschhorn-neckar/;;review-regio
https://auto-lackierzentrum.de/hockenheim/;;review-regio
https://auto-lackierzentrum.de/hoechst-odenwald/;;review-regio
https://auto-lackierzentrum.de/hoepfingen/;;review-regio
https://auto-lackierzentrum.de/hueffenhardt/;;review-regio
https://auto-lackierzentrum.de/igersheim/;;review-regio
https://auto-lackierzentrum.de/illingen/;;review-regio
https://auto-lackierzentrum.de/ilsfeld/;;review-regio
https://auto-lackierzentrum.de/ilvesheim/;;review-regio
https://auto-lackierzentrum.de/impressum/;/impressum;301
https://auto-lackierzentrum.de/industrielackierung/;/leistungen;301
https://auto-lackierzentrum.de/ingelfingen/;;review-regio
https://auto-lackierzentrum.de/ingersheim/;;review-regio
https://auto-lackierzentrum.de/ittlingen/;;review-regio
https://auto-lackierzentrum.de/jagsthausen/;;review-regio
https://auto-lackierzentrum.de/karlsdorf-neuthard/;;review-regio
https://auto-lackierzentrum.de/ketsch/;;review-regio
https://auto-lackierzentrum.de/kieselbronn/;;review-regio
https://auto-lackierzentrum.de/kirchardt/;;review-regio
https://auto-lackierzentrum.de/kirchberg-murr/;;review-regio
https://auto-lackierzentrum.de/kirchheim-neckar/;;review-regio
https://auto-lackierzentrum.de/kirchzell/;;review-regio
https://auto-lackierzentrum.de/kleinheubach/;;review-regio
https://auto-lackierzentrum.de/klingenberg-main/;;review-regio
https://auto-lackierzentrum.de/knittlingen/;;review-regio
https://auto-lackierzentrum.de/koenigheim/;;review-regio
https://auto-lackierzentrum.de/kontakt/;/homepage#kontakt;301
https://auto-lackierzentrum.de/kornwestheim/;;review-regio
https://auto-lackierzentrum.de/kraichtal/;;review-regio
https://auto-lackierzentrum.de/krautheim/;;review-regio
https://auto-lackierzentrum.de/kreuzwertheim/;;review-regio
https://auto-lackierzentrum.de/kronau/;;review-regio
https://auto-lackierzentrum.de/kuelsheim/;;review-regio
https://auto-lackierzentrum.de/kuenzelsau/;;review-regio
https://auto-lackierzentrum.de/kuernbach/;;review-regio
https://auto-lackierzentrum.de/kupferzell/;;review-regio
https://auto-lackierzentrum.de/lackiererei-und-fahrzeuglackierung/;/leistungen;301
https://auto-lackierzentrum.de/ladenburg/;;review-regio
https://auto-lackierzentrum.de/lampertheim/;;review-regio
https://auto-lackierzentrum.de/langenbrettach/;;review-regio
https://auto-lackierzentrum.de/langenburg/;;review-regio
https://auto-lackierzentrum.de/lauda-koenigshofen/;;review-regio
https://auto-lackierzentrum.de/laudenbach-2/;;review-regio
https://auto-lackierzentrum.de/laudenbach/;;review-regio
https://auto-lackierzentrum.de/lauffen-neckar/;;review-regio
https://auto-lackierzentrum.de/lautertal-odenwald/;;review-regio
https://auto-lackierzentrum.de/lehrensteinsfeld/;;review-regio
https://auto-lackierzentrum.de/leimen/;;review-regio
https://auto-lackierzentrum.de/leingarten/;;review-regio
https://auto-lackierzentrum.de/leutenbach/;;review-regio
https://auto-lackierzentrum.de/limbach/;;review-regio
https://auto-lackierzentrum.de/limburgerhof/;;review-regio
https://auto-lackierzentrum.de/lindenfels/;;review-regio
https://auto-lackierzentrum.de/lobbach/;;review-regio
https://auto-lackierzentrum.de/loechgau/;;review-regio
https://auto-lackierzentrum.de/loewenstein/;;review-regio
https://auto-lackierzentrum.de/lorsch-karolingerstadt/;;review-regio
https://auto-lackierzentrum.de/ludwigsburg/;;review-regio
https://auto-lackierzentrum.de/ludwigshafen-rhein/;;review-regio
https://auto-lackierzentrum.de/luetzelbach/;;review-regio
https://auto-lackierzentrum.de/mainhardt/;;review-regio
https://auto-lackierzentrum.de/malsch/;;review-regio
https://auto-lackierzentrum.de/mannheim/;;review-regio
https://auto-lackierzentrum.de/marbach-neckar/;;review-regio
https://auto-lackierzentrum.de/markgroeningen/;;review-regio
https://auto-lackierzentrum.de/massenbachhausen/;;review-regio
https://auto-lackierzentrum.de/mauer/;;review-regio
https://auto-lackierzentrum.de/maulbronn/;;review-regio
https://auto-lackierzentrum.de/meckesheim/;;review-regio
https://auto-lackierzentrum.de/michelbach-bilz/;;review-regio
https://auto-lackierzentrum.de/michelfeld/;;review-regio
https://auto-lackierzentrum.de/michelstadt/;;review-regio
https://auto-lackierzentrum.de/miltenberg/;;review-regio
https://auto-lackierzentrum.de/modautal/;;review-regio
https://auto-lackierzentrum.de/moeckmuehl/;;review-regio
https://auto-lackierzentrum.de/moeglingen/;;review-regio
https://auto-lackierzentrum.de/moemlingen/;;review-regio
https://auto-lackierzentrum.de/moenchberg/;;review-regio
https://auto-lackierzentrum.de/moerlenbach/;;review-regio
https://auto-lackierzentrum.de/mossautal/;;review-regio
https://auto-lackierzentrum.de/mudau/;;review-regio
https://auto-lackierzentrum.de/muehlacker/;;review-regio
https://auto-lackierzentrum.de/muehlhausen/;;review-regio
https://auto-lackierzentrum.de/mulfingen/;;review-regio
https://auto-lackierzentrum.de/mundelsheim/;;review-regio
https://auto-lackierzentrum.de/murr/;;review-regio
https://auto-lackierzentrum.de/murrhardt/;;review-regio
https://auto-lackierzentrum.de/neckarbischofsheim/;;review-regio
https://auto-lackierzentrum.de/neckargemuend/;;review-regio
https://auto-lackierzentrum.de/neckargerach/;;review-regio
https://auto-lackierzentrum.de/neckarsteinach/;;review-regio
https://auto-lackierzentrum.de/neckarsulm/;;review-regio
https://auto-lackierzentrum.de/neckarwestheim/;;review-regio
https://auto-lackierzentrum.de/neckarzimmern/;;review-regio
https://auto-lackierzentrum.de/neidenstein/;;review-regio
https://auto-lackierzentrum.de/neubrunn/;;review-regio
https://auto-lackierzentrum.de/neudenau/;;review-regio
https://auto-lackierzentrum.de/neuenstadt-kocher/;;review-regio
https://auto-lackierzentrum.de/neuenstein/;;review-regio
https://auto-lackierzentrum.de/neuhofen/;;review-regio
https://auto-lackierzentrum.de/neulingen/;;review-regio
https://auto-lackierzentrum.de/neulussheim/;;review-regio
https://auto-lackierzentrum.de/neunkirchen-2/;;review-regio
https://auto-lackierzentrum.de/neunkirchen/;;review-regio
https://auto-lackierzentrum.de/niedernhall/;;review-regio
https://auto-lackierzentrum.de/niederstetten/;;review-regio
https://auto-lackierzentrum.de/niefern-oeschelbronn/;;review-regio
https://auto-lackierzentrum.de/nordheim/;;review-regio
https://auto-lackierzentrum.de/nussloch/;;review-regio
https://auto-lackierzentrum.de/oberderdingen/;;review-regio
https://auto-lackierzentrum.de/oberhausen-rheinhausen/;;review-regio
https://auto-lackierzentrum.de/obernburg-main/;;review-regio
https://auto-lackierzentrum.de/oberriexingen/;;review-regio
https://auto-lackierzentrum.de/oberrot/;;review-regio
https://auto-lackierzentrum.de/oberstenfeld/;;review-regio
https://auto-lackierzentrum.de/obersulm/;;review-regio
https://auto-lackierzentrum.de/obrigheim/;;review-regio
https://auto-lackierzentrum.de/oedheim/;;review-regio
https://auto-lackierzentrum.de/oehringen/;;review-regio
https://auto-lackierzentrum.de/oelbronn-duerrn/;;review-regio
https://auto-lackierzentrum.de/oestringen/;;review-regio
https://auto-lackierzentrum.de/oetisheim/;;review-regio
https://auto-lackierzentrum.de/offenau/;;review-regio
https://auto-lackierzentrum.de/oftersheim/;;review-regio
https://auto-lackierzentrum.de/oppenweiler/;;review-regio
https://auto-lackierzentrum.de/osterburken/;;review-regio
https://auto-lackierzentrum.de/otterstadt/;;review-regio
https://auto-lackierzentrum.de/otzberg/;;review-regio
https://auto-lackierzentrum.de/pfaffenhofen/;;review-regio
https://auto-lackierzentrum.de/pfedelbach/;;review-regio
https://auto-lackierzentrum.de/philippsburg/;;review-regio
https://auto-lackierzentrum.de/plankstadt/;;review-regio
https://auto-lackierzentrum.de/pleidelsheim/;;review-regio
https://auto-lackierzentrum.de/rauenberg/;;review-regio
https://auto-lackierzentrum.de/ravenstein/;;review-regio
https://auto-lackierzentrum.de/regio/;;review-regio
https://auto-lackierzentrum.de/reichartshausen/;;review-regio
https://auto-lackierzentrum.de/reichelsheim-odenwald/;;review-regio
https://auto-lackierzentrum.de/reilingen/;;review-regio
https://auto-lackierzentrum.de/remseck-neckar/;;review-regio
https://auto-lackierzentrum.de/rimbach/;;review-regio
https://auto-lackierzentrum.de/roellbach/;;review-regio
https://auto-lackierzentrum.de/roemerberg/;;review-regio
https://auto-lackierzentrum.de/roigheim/;;review-regio
https://auto-lackierzentrum.de/rosenberg/;;review-regio
https://auto-lackierzentrum.de/rosengarten/;;review-regio
https://auto-lackierzentrum.de/rothenberg/;;review-regio
https://auto-lackierzentrum.de/ruedenau/;;review-regio
https://auto-lackierzentrum.de/sachsenheim/;;review-regio
https://auto-lackierzentrum.de/sandhausen/;;review-regio
https://auto-lackierzentrum.de/sankt-leon-rot/;;review-regio
https://auto-lackierzentrum.de/schefflenz/;;review-regio
https://auto-lackierzentrum.de/schifferstadt/;;review-regio
https://auto-lackierzentrum.de/schneeberg/;;review-regio
https://auto-lackierzentrum.de/schoenau/;;review-regio
https://auto-lackierzentrum.de/schoenbrunn/;;review-regio
https://auto-lackierzentrum.de/schoental/;;review-regio
https://auto-lackierzentrum.de/schriesheim/;;review-regio
https://auto-lackierzentrum.de/schwaebisch-hall/;;review-regio
https://auto-lackierzentrum.de/schwaigern/;;review-regio
https://auto-lackierzentrum.de/schwaikheim/;;review-regio
https://auto-lackierzentrum.de/schwarzach/;;review-regio
https://auto-lackierzentrum.de/schwetzingen/;;review-regio
https://auto-lackierzentrum.de/schwieberdingen/;;review-regio
https://auto-lackierzentrum.de/seckach/;;review-regio
https://auto-lackierzentrum.de/sensbachtal/;;review-regio
https://auto-lackierzentrum.de/sersheim/;;review-regio
https://auto-lackierzentrum.de/siegelsbach/;;review-regio
https://auto-lackierzentrum.de/sinsheim/;;review-regio
https://auto-lackierzentrum.de/spechbach/;;review-regio
https://auto-lackierzentrum.de/speyer/;;review-regio
https://auto-lackierzentrum.de/spiegelberg/;;review-regio
https://auto-lackierzentrum.de/stadtprozelten/;;review-regio
https://auto-lackierzentrum.de/steinheim-murr/;;review-regio
https://auto-lackierzentrum.de/sternenfels/;;review-regio
https://auto-lackierzentrum.de/sulzbach-murr/;;review-regio
https://auto-lackierzentrum.de/sulzfeld/;;review-regio
https://auto-lackierzentrum.de/talheim/;;review-regio
https://auto-lackierzentrum.de/tamm/;;review-regio
https://auto-lackierzentrum.de/tauberbischofsheim/;;review-regio
https://auto-lackierzentrum.de/ubstadt-weiher/;;review-regio
https://auto-lackierzentrum.de/ueber-uns/;/homepage#kontakt;301
https://auto-lackierzentrum.de/unfallinstandsetzung-und-smart-repair/;/leistungen;301
https://auto-lackierzentrum.de/untereisesheim/;;review-regio
https://auto-lackierzentrum.de/untergruppenbach/;;review-regio
https://auto-lackierzentrum.de/untermuenkheim/;;review-regio
https://auto-lackierzentrum.de/vaihingen-enz/;;review-regio
https://auto-lackierzentrum.de/viernheim/;;review-regio
https://auto-lackierzentrum.de/waghaeusel/;;review-regio
https://auto-lackierzentrum.de/waibstadt/;;review-regio
https://auto-lackierzentrum.de/wald-michelbach/;;review-regio
https://auto-lackierzentrum.de/waldbrunn/;;review-regio
https://auto-lackierzentrum.de/waldenburg/;;review-regio
https://auto-lackierzentrum.de/waldsee/;;review-regio
https://auto-lackierzentrum.de/walheim/;;review-regio
https://auto-lackierzentrum.de/walldorf/;;review-regio
https://auto-lackierzentrum.de/wallduern/;;review-regio
https://auto-lackierzentrum.de/walzbachtal/;;review-regio
https://auto-lackierzentrum.de/weilbach/;;review-regio
https://auto-lackierzentrum.de/weingarten-baden/;;review-regio
https://auto-lackierzentrum.de/weinheim/;;review-regio
https://auto-lackierzentrum.de/weinsberg/;;review-regio
https://auto-lackierzentrum.de/weissach-tal/;;review-regio
https://auto-lackierzentrum.de/weissbach/;;review-regio
https://auto-lackierzentrum.de/werbach/;;review-regio
https://auto-lackierzentrum.de/wertheim/;;review-regio
https://auto-lackierzentrum.de/widdern/;;review-regio
https://auto-lackierzentrum.de/wiernsheim/;;review-regio
https://auto-lackierzentrum.de/wiesenbach/;;review-regio
https://auto-lackierzentrum.de/wiesloch/;;review-regio
https://auto-lackierzentrum.de/wilhelmsfeld/;;review-regio
https://auto-lackierzentrum.de/winnenden/;;review-regio
https://auto-lackierzentrum.de/woerth-main/;;review-regio
https://auto-lackierzentrum.de/wolpertshausen/;;review-regio
https://auto-lackierzentrum.de/wuestenrot/;;review-regio
https://auto-lackierzentrum.de/zaberfeld/;;review-regio
https://auto-lackierzentrum.de/zaisenhausen/;;review-regio
https://auto-lackierzentrum.de/zuzenhausen/;;review-regio
https://auto-lackierzentrum.de/zweiflingen/;;review-regio
https://auto-lackierzentrum.de/zwingenberg/;;review-regio
